1,_tt_L160,05/01/2024
2,_tt_A+B120,09/01/2024
3,_tt_160,25/01/2024
4,_tt_120,19/01/2024
5,_tt_140,30/01/2024
6,_set_tamu_2111,30/01/2024
9,_mm_kamar,10/01/2024
9,_lemari_P2G,08/01/2024
10,_tt_180,18/01/2024
14,_tt_200,26/01/2024
16,_tt_100,22/01/2024
20,_tt_L120,20/01/2024
21,_set_tamu_sedan_211,26/01/2024
25,_meja_tv_150,26/01/2024
25,_set_sudut,25/01/2024
28,__meja_tv_150,30/01/2024
31,_rak_sepatu+kursi,12/01/2024
38,__tt_160,15/01/2024
41,_tt_L180,21/01/2024
48,_L100,08/01/2024
51,_lemari_sudut,03/01/2024
57,_meja_tv_minimalis,27/01/2024
58,_set_makan,03/01/2024
73,_tt_90,06/01/2024
76,_set_tamu_2211,26/01/2024
86,_lemari_minimalis_P2G,27/01/2024
100,_tt_A+B90,26/01/2024
112,_meja_rias,30/01/2024
121,_tt_L90,03/01/2024
126,_meja_tamu+buku,21/01/2024
131,_meja_tv_minimalis_200,17/01/2024
153,_kursi_tamu_jati_minimalis,01/02/2024
169,_tt_A+B100,05/02/2024
171,_tt_L140,27/02/2024
184,_L200,09/02/2024
186,_rak_sepatu+meja,08/02/2024
202,_tt_L160R,12/02/2024
203,_tt_L160L,18/02/2024
205,_tt_L200,22/02/2024
206,_set_tamu_2111P,09/02/2024
214,_tt_A+_B120,12/02/2024
220,_meja_tv_100,12/02/2024
131,_set_tamu_2111L,18/02/2024
137,_set_tamu_2111TL,11/02/2024
139,_tt_L140R,25/02/2024
140,_tt_L140L,01/02/2024
142,_mm_tv_200,19/02/2024
160,_tt_L180L,28/02/2024
183,_set_tamu_2111TK,22/03/2024
198,_tt_180_km_15,07/03/2024
198,_tt_160_km_15,13/03/2024
198,_lemari_makan,01/03/2024
198,_mm_tv,17/03/2024
307,_set_tamu,02/03/2024
312,_Lmm,05/03/2024
312,_mm_120,30/03/2024
317,_tt_134,20/03/2024
323,_set_tamu_betawi_11,01/03/2024
324,_tt_L180R,30/03/2024
333,_kursi_males,14/03/2024
336,_tt_L120R,24/03/2024
352,_mm_kamar_persegi,01/03/2024
358,_meja_tv_200,30/03/2024
375,_mm_tv_150+laci,26/03/2024
387,_set_tamu_2111+1,14/03/2024
302,_mm_tv_2x3,26/03/2024
307,_mm_kamar_1,04/03/2024
311,_tt_140+100,15/04/2024
315,_tt_L129R,20/04/2024
349,_set_tamu_busa_211,01/04/2024
352,_tt_L120L,18/04/2024
369,_tt_210,08/04/2024
371,rak_sepatu+kursi,09/04/2024
434,_set_tamu_3211,09/05/2024
438,_tt_90T,12/05/2024
454,_tt_L200L,19/05/2024
467,_mm_tv_150,30/05/2024
469,_Lm_P2G+L,26/05/2024
486,_set_tamu_3211+1,27/05/2024
492,_set_tamu_3111,14/05/2024
498,_tt_160_km_10,23/05/2024
510,_kursi_bale_jati,19/05/2024
512,_Lmm_tv,09/05/2024
568,_mm_nakas,28/06/2024
578,_mm_kamar_rotan,18/06/2024
582,_tt_80,05/06/2024
598,_mm_tv_120,15/06/2024
599,_mm_tv_2x3_120,20/06/2024
600,_Lm_70x110,08/06/2024
605,_set_tamu_betawi_21,18/06/2024
605,_mm_tv+L,27/06/2024
